,Unnamed: 0,user,generated_on,model_name,dataset_name,task_name,used_adapter,adapter_type,train_runtime,train_samples_per_second,train_steps_per_second,total_flos,train_loss,epoch,epoch.1,train_samples,training_time,eval_loss,eval_accuracy,eval_runtime,eval_samples_per_second,eval_steps_per_second,epoch.2,epoch.3,eval_matthews_correlation,eval_f1,eval_combined_score
0,0,saad,2024-07-23 15:33:47.460204,facebook/bart-base,glue,wnli,True,seq_bn,68.6129,92.548,11.66,495590881612800.0,0.7033330726623536,10.0,10.0,635,69.00380539894104,0.7245835661888123,0.3943661971830985,0.3392,209.286,26.529,10.0,10.0,,,
1,1,saad,2024-07-23 15:33:47.460204,facebook/bart-base,glue,wnli,True,prefix_tuning,66.7482,95.134,11.985,490911026304000.0,0.7037299156188965,10.0,10.0,635,67.10938858985901,0.7562258839607239,0.2816901408450704,0.3557,199.616,25.303,10.0,10.0,,,
2,2,saad,2024-07-23 15:33:47.460204,facebook/bart-base,glue,wnli,True,mam_adapter,84.6003,75.059,9.456,638453343360000.0,0.7082708549499511,10.0,10.0,635,84.97169423103333,0.7080913186073303,0.4647887323943662,0.3918,181.222,22.972,10.0,10.0,,,
3,3,saad,2024-07-23 15:33:47.460204,facebook/bart-base,glue,wnli,True,compacter_plusplus,67.0867,94.654,11.925,487005372748800.0,0.7062614679336547,10.0,10.0,635,67.45408630371094,0.7139174938201904,0.4647887323943662,0.3449,205.835,26.092,10.0,10.0,,,
4,4,saad,2024-07-23 15:33:47.460204,facebook/bart-base,glue,wnli,True,unipelt,113.1885,56.101,7.068,568563425126400.0,0.7034546661376954,10.0,10.0,635,113.57220530509947,0.7634788155555725,0.2957746478873239,0.5028,141.216,17.901,10.0,10.0,,,
5,5,saad,2024-07-23 15:33:47.460204,facebook/bart-base,glue,wnli,True,lora,67.3551,94.276,11.877,489023353574400.0,0.7061905002593994,10.0,10.0,635,67.73340368270874,0.7143152356147766,0.4647887323943662,0.3442,206.288,26.149,10.0,10.0,,,
6,6,saad,2024-07-23 15:33:47.460204,facebook/bart-base,glue,wnli,True,seq_bn_16_2_relu,71.7607,88.489,11.148,525813308544000.0,0.704591851234436,10.0,10.0,635,72.13504409790039,0.7432146072387695,0.3380281690140845,0.3525,201.402,25.53,10.0,10.0,,,
7,7,saad,2024-07-23 15:33:47.460204,facebook/bart-base,glue,wnli,True,seq_bn_16_2_tanh,71.5314,88.772,11.184,525813308544000.0,0.7043026065826417,10.0,10.0,635,71.91634917259216,0.7365930676460266,0.3098591549295774,0.3561,199.369,25.272,10.0,10.0,,,
8,8,saad,2024-07-23 15:33:47.460204,facebook/bart-base,glue,wnli,True,ia3,67.2989,94.355,11.887,487180625433600.0,0.7062132120132446,10.0,10.0,635,67.68580436706543,0.7139744758605957,0.4647887323943662,0.3416,207.857,26.348,10.0,10.0,,,
9,9,saad,2024-07-23 15:33:47.460204,facebook/bart-base,glue,wnli,True,prompt_tuning,35.3338,179.715,22.641,486866013312000.0,0.7062480115890503,10.0,10.0,635,35.72786498069763,0.7137831449508667,0.4647887323943662,0.327,217.103,27.52,10.0,10.0,,,
0,0,saad,2024-07-23 15:47:23.383530,facebook/bart-base,glue,wnli,False,,120.7855,52.573,6.623,486866013312000.0,0.7086573839187622,10.0,10.0,635,121.14529705047607,0.7113017439842224,0.4366197183098591,0.321,221.214,28.041,10.0,10.0,,,
0,0,saad,2024-07-23 16:03:14.876916,google/electra-base-discriminator,glue,wnli,True,seq_bn,61.4577,103.323,13.017,426413668684800.0,0.6905233669281006,10.0,10.0,635,61.89257526397705,0.7265690565109253,0.380281690140845,0.2919,243.199,30.828,10.0,10.0,,,
1,1,saad,2024-07-23 16:03:14.876916,google/electra-base-discriminator,glue,wnli,True,prefix_tuning,57.7244,110.005,13.859,420385475712000.0,0.6942450714111328,10.0,10.0,635,58.09587812423706,0.6985768675804138,0.5492957746478874,0.3117,227.786,28.874,10.0,10.0,,,
2,2,saad,2024-07-23 16:03:14.876916,google/electra-base-discriminator,glue,wnli,True,mam_adapter,71.3232,89.031,11.217,527275100083200.0,0.6995869588851928,10.0,10.0,635,71.70688819885254,0.6963121294975281,0.4507042253521127,0.3453,205.633,26.066,10.0,10.0,,,
3,3,saad,2024-07-23 16:03:14.876916,google/electra-base-discriminator,glue,wnli,True,compacter_plusplus,59.644,106.465,13.413,417828159820800.0,0.6936150503158569,10.0,10.0,635,60.02400946617127,0.7075760364532471,0.4366197183098591,0.3011,235.838,29.895,10.0,10.0,,,
4,4,saad,2024-07-23 16:03:14.876916,google/electra-base-discriminator,glue,wnli,True,unipelt,89.3469,71.071,8.954,471702754636800.0,0.6931951999664306,10.0,10.0,635,89.73961400985718,0.7147905826568604,0.4225352112676056,0.4064,174.699,22.145,10.0,10.0,,,
5,5,saad,2024-07-23 16:03:14.876916,google/electra-base-discriminator,glue,wnli,True,lora,55.8934,113.609,14.313,419127027225600.0,0.6934589242935181,10.0,10.0,635,56.290345668792725,0.7088138461112976,0.4366197183098591,0.2863,247.987,31.435,10.0,10.0,,,
6,6,saad,2024-07-23 16:03:14.876916,google/electra-base-discriminator,glue,wnli,True,seq_bn_16_2_relu,63.9134,99.353,12.517,456636095616000.0,0.6854538345336914,10.0,10.0,635,64.31527352333069,0.8110992312431335,0.352112676056338,0.3089,229.862,29.137,10.0,10.0,,,
7,7,saad,2024-07-23 16:03:14.876916,google/electra-base-discriminator,glue,wnli,True,seq_bn_16_2_tanh,63.8157,99.505,12.536,456636095616000.0,0.6731677150726318,10.0,10.0,635,64.20675444602966,0.9677686095237732,0.3098591549295774,0.3104,228.702,28.99,10.0,10.0,,,
8,8,saad,2024-07-23 16:03:14.876916,google/electra-base-discriminator,glue,wnli,True,ia3,57.8215,109.821,13.836,417958467916800.0,0.6935329818725586,10.0,10.0,635,58.21737694740296,0.7080632448196411,0.4366197183098591,0.2869,247.45,31.367,10.0,10.0,,,
9,9,saad,2024-07-23 16:03:14.876916,google/electra-base-discriminator,glue,wnli,True,prompt_tuning,59.9371,105.944,13.347,417688800384000.0,0.6999913311004639,10.0,10.0,635,60.339614152908325,0.6968971490859985,0.4788732394366197,0.3053,232.58,29.482,10.0,10.0,,,
0,0,saad,2024-07-23 16:06:11.551308,google/electra-base-discriminator,glue,wnli,False,,95.7283,66.334,8.357,417688800384000.0,0.6975354862213134,10.0,10.0,635,96.36411738395692,0.6905819177627563,0.5633802816901409,0.2637,269.29,34.135,10.0,10.0,,,
0,0,saad,2024-07-23 16:08:50.427815,distilbert/distilbert-base-uncased,glue,wnli,False,,51.2013,124.02,15.625,210291995366400.0,0.6957150077819825,10.0,10.0,635,51.59301257133484,0.7160406112670898,0.2253521126760563,0.1402,506.457,64.199,10.0,10.0,,,
0,0,saad,2024-07-23 16:16:18.703289,distilbert/distilbert-base-uncased,glue,wnli,True,seq_bn,30.752,206.491,26.015,217690969036800.0,0.6955704641342163,10.0,10.0,635,31.11630797386169,0.7281944155693054,0.2535211267605634,0.1627,436.472,55.327,10.0,10.0,,,
1,1,saad,2024-07-23 16:16:18.703289,distilbert/distilbert-base-uncased,glue,wnli,True,prefix_tuning,29.5948,214.565,27.032,214676872550400.0,0.6959821033477783,10.0,10.0,635,29.937008380889893,0.7076832056045532,0.2676056338028169,0.171,415.281,52.641,10.0,10.0,,,
2,2,saad,2024-07-23 16:16:18.703289,distilbert/distilbert-base-uncased,glue,wnli,True,mam_adapter,36.4378,174.27,21.955,269621788416000.0,0.6973546695709228,10.0,10.0,635,36.79836177825928,0.6967009902000427,0.4084507042253521,0.1896,374.45,47.466,10.0,10.0,,,
3,3,saad,2024-07-23 16:16:18.703289,distilbert/distilbert-base-uncased,glue,wnli,True,compacter_plusplus,29.9774,211.826,26.687,213398370662400.0,0.69567373752594,10.0,10.0,635,30.332460403442383,0.7304865717887878,0.2535211267605634,0.1633,434.699,55.103,10.0,10.0,,,
4,4,saad,2024-07-23 16:16:18.703289,distilbert/distilbert-base-uncased,glue,wnli,True,unipelt,44.267,143.448,18.072,241295578368000.0,0.6956607151031494,10.0,10.0,635,44.62734389305115,0.7194799780845642,0.2535211267605634,0.2223,319.323,40.478,10.0,10.0,,,
5,5,saad,2024-07-23 16:16:18.703289,distilbert/distilbert-base-uncased,glue,wnli,True,lora,27.9781,226.963,28.594,214047648307200.0,0.6956504535675049,10.0,10.0,635,28.336981773376465,0.7308668494224548,0.2535211267605634,0.1513,469.351,59.495,10.0,10.0,,,
6,6,saad,2024-07-23 16:16:18.703289,distilbert/distilbert-base-uncased,glue,wnli,True,seq_bn_16_2_relu,31.4957,201.615,25.4,232802182502400.0,0.6958500385284424,10.0,10.0,635,31.85265564918518,0.7354515790939331,0.2253521126760563,0.1754,404.783,51.311,10.0,10.0,,,
7,7,saad,2024-07-23 16:16:18.703289,distilbert/distilbert-base-uncased,glue,wnli,True,seq_bn_16_2_tanh,31.6608,200.563,25.268,232802182502400.0,0.6960346412658691,10.0,10.0,635,32.03317856788635,0.7426279187202454,0.2394366197183098,0.1621,437.966,55.517,10.0,10.0,,,
8,8,saad,2024-07-23 16:16:18.703289,distilbert/distilbert-base-uncased,glue,wnli,True,ia3,28.9276,219.514,27.655,213463368652800.0,0.695660548210144,10.0,10.0,635,29.29519200325012,0.7306967377662659,0.2535211267605634,0.1522,466.549,59.14,10.0,10.0,,,
9,9,saad,2024-07-23 16:16:18.703289,distilbert/distilbert-base-uncased,glue,wnli,True,prompt_tuning,30.4498,208.54,26.273,213328534886400.0,0.6935977983474731,10.0,10.0,635,30.807616472244263,0.7280522584915161,0.2394366197183098,0.1682,422.192,53.517,10.0,10.0,,,
0,0,saad,2024-07-23 19:42:27.090840,google/electra-base-discriminator,glue,cola,True,seq_bn,801.1399,106.735,13.343,5742146899092480.0,0.3101445711027026,10.0,10.0,8551,801.7138059139252,0.4369683861732483,,4.3277,241.004,30.27,10.0,10.0,0.6850707271866645,,
1,1,saad,2024-07-23 19:42:27.090840,google/electra-base-discriminator,glue,cola,True,prefix_tuning,755.6717,113.158,14.146,5660970398131200.0,0.4727607063314868,10.0,10.0,8551,756.0416567325592,0.4337888658046722,,4.4163,236.172,29.663,10.0,10.0,0.499254961251443,,
2,2,saad,2024-07-23 19:42:27.090840,google/electra-base-discriminator,glue,cola,True,mam_adapter,943.5844,90.623,11.329,7100361229624320.0,0.1657459055630261,10.0,10.0,8551,943.9624326229095,1.073210597038269,,4.8555,214.81,26.98,10.0,10.0,0.6564012470679357,,
3,3,saad,2024-07-23 19:42:27.090840,google/electra-base-discriminator,glue,cola,True,compacter_plusplus,780.4313,109.568,13.698,5626533219886080.0,0.4300967210246872,10.0,10.0,8551,780.8233852386475,0.3955415785312652,,4.1269,252.735,31.743,10.0,10.0,0.5703980726573153,,
4,4,saad,2024-07-23 19:42:27.090840,google/electra-base-discriminator,glue,cola,True,unipelt,1155.2905,74.016,9.253,6352016149447680.0,0.2736273056330025,10.0,10.0,8551,1155.6897485256195,0.5356751680374146,,5.565,187.42,23.54,10.0,10.0,0.6875144669936191,,
5,5,saad,2024-07-23 19:42:27.090840,google/electra-base-discriminator,glue,cola,True,lora,725.1488,117.921,14.742,5644023952450560.0,0.3660241664961413,10.0,10.0,8551,725.5474653244019,0.4074217677116394,,4.1045,254.112,31.916,10.0,10.0,0.6408545460827202,,
6,6,saad,2024-07-23 19:42:27.090840,google/electra-base-discriminator,glue,cola,True,seq_bn_16_2_relu,834.699,102.444,12.807,6149126383641600.0,0.2375547574991595,10.0,10.0,8551,835.0954535007477,0.6213493347167969,,4.5539,229.037,28.767,10.0,10.0,0.7068649074843276,,
0,0,saad,2024-07-23 17:51:20.438528,distilbert/distilbert-base-uncased,glue,cola,True,seq_bn,411.439,207.832,25.982,2931457442887680.0,0.4152553547644191,10.0,10.0,8551,411.81371998786926,0.6013100147247314,,2.2446,464.662,58.361,10.0,10.0,0.4924926525973739,,
1,1,saad,2024-07-23 17:51:20.438528,distilbert/distilbert-base-uncased,glue,cola,True,prefix_tuning,397.4032,215.172,26.9,2890869192407040.0,0.5700594296290341,10.0,10.0,8551,397.75651240348816,0.575188398361206,,2.4654,423.059,53.136,10.0,10.0,0.2114974440725976,,
2,2,saad,2024-07-23 17:51:20.438528,distilbert/distilbert-base-uncased,glue,cola,True,mam_adapter,490.1472,174.458,21.81,3630765216921600.0,0.2917654132040111,10.0,10.0,8551,490.5100691318512,1.084819793701172,,2.6216,397.85,49.97,10.0,10.0,0.5070207143299597,,
3,3,saad,2024-07-23 17:51:20.438528,distilbert/distilbert-base-uncased,glue,cola,True,compacter_plusplus,402.2958,212.555,26.572,2873652704778240.0,0.5456804009661482,10.0,10.0,8551,402.6668004989624,0.5607894659042358,,2.3766,438.854,55.12,10.0,10.0,0.3366442390492458,,
4,4,saad,2024-07-23 17:51:20.438528,distilbert/distilbert-base-uncased,glue,cola,True,unipelt,610.404,140.088,17.513,3249320457676800.0,0.3962044668599085,10.0,10.0,8551,610.7669444084167,0.623809814453125,,3.1833,327.644,41.152,10.0,10.0,0.5123240976315012,,
5,5,saad,2024-07-23 17:51:20.438528,distilbert/distilbert-base-uncased,glue,cola,True,lora,380.1093,224.962,28.123,2882395969566720.0,0.4753984756398357,10.0,10.0,8551,380.48180174827576,0.5173315405845642,,2.2086,472.252,59.314,10.0,10.0,0.4420898648237221,,
6,6,saad,2024-07-23 17:51:20.438528,distilbert/distilbert-base-uncased,glue,cola,True,seq_bn_16_2_relu,429.2571,199.205,24.903,3134947185162240.0,0.3314804334078468,10.0,10.0,8551,429.6301605701447,0.8720617294311523,,2.3905,436.319,54.801,10.0,10.0,0.5165560626605169,,
7,7,saad,2024-07-23 17:51:20.438528,distilbert/distilbert-base-uncased,glue,cola,True,seq_bn_16_2_tanh,428.5864,199.516,24.942,3134947185162240.0,0.2846798360626534,10.0,10.0,8551,428.949355840683,1.0686208009719849,,2.3825,437.784,54.985,10.0,10.0,0.5037970015010991,,
8,8,saad,2024-07-23 17:51:20.438528,distilbert/distilbert-base-uncased,glue,cola,True,ia3,390.5485,218.948,27.372,2874527976929280.0,0.5426756270919814,10.0,10.0,8551,390.9179871082306,0.5583287477493286,,2.2052,472.971,59.405,10.0,10.0,0.3362412593406067,,
9,9,saad,2024-07-23 17:51:20.438528,distilbert/distilbert-base-uncased,glue,cola,True,prompt_tuning,413.4873,206.802,25.853,2872712286320640.0,0.592404982706896,10.0,10.0,8551,413.8621878623962,0.5954628586769104,,2.4232,430.414,54.06,10.0,10.0,0.0592680243795702,,
0,0,saad,2024-07-23 23:38:47.054797,facebook/bart-base,glue,cola,True,seq_bn,915.0354,93.45,11.683,6673697053025280.0,0.4883068316667519,10.0,10.0,8551,915.6446123123168,0.701732337474823,,5.3031,196.679,24.703,10.0,10.0,0.3738775071170718,,
1,1,saad,2024-07-23 23:38:47.054797,facebook/bart-base,glue,cola,True,prefix_tuning,882.4006,96.906,12.115,6610677458150400.0,0.5749270547094247,10.0,10.0,8551,882.8280439376831,0.6017991900444031,,5.4731,190.569,23.935,10.0,10.0,0.1819755734297133,,
2,2,saad,2024-07-23 23:38:47.054797,facebook/bart-base,glue,cola,True,mam_adapter,1139.2166,75.06,9.384,8597503211136000.0,0.3891373180250234,10.0,10.0,8551,1139.6644768714905,0.9915817379951476,,6.0077,173.611,21.805,10.0,10.0,0.4899667634004927,,
3,3,saad,2024-07-23 23:38:47.054797,facebook/bart-base,glue,cola,True,compacter_plusplus,884.6242,96.663,12.084,6558083373818880.0,0.5729236627762512,10.0,10.0,8551,885.0720038414001,0.6193585991859436,,5.1632,202.007,25.372,10.0,10.0,0.1361132068267529,,
4,4,saad,2024-07-23 23:38:47.054797,facebook/bart-base,glue,cola,True,unipelt,1489.7783,57.398,7.176,7656355666544640.0,0.4707318868895799,10.0,10.0,8551,1490.2154576778412,0.6074903607368469,,7.2451,143.959,18.081,10.0,10.0,0.4882441186441421,,
5,5,saad,2024-07-23 23:38:47.054797,facebook/bart-base,glue,cola,True,lora,884.8155,96.642,12.082,6585257789629440.0,0.5121992491248393,10.0,10.0,8551,885.2769820690155,0.6913231611251831,,5.2253,199.607,25.071,10.0,10.0,0.3420819161583976,,
6,6,saad,2024-07-23 23:38:47.054797,facebook/bart-base,glue,cola,True,seq_bn_16_2_relu,944.7729,90.509,11.315,7080676537574400.0,0.4522153620635158,10.0,10.0,8551,945.2332956790924,0.7609679698944092,,5.5102,189.285,23.774,10.0,10.0,0.4484877236056637,,
7,7,saad,2024-07-23 23:38:47.054797,facebook/bart-base,glue,cola,True,seq_bn_16_2_tanh,945.9996,90.391,11.3,7080676537574400.0,0.402683582787652,10.0,10.0,8551,946.4705684185028,0.9276900291442872,,5.4899,189.987,23.862,10.0,10.0,0.4398264575924005,,
8,8,saad,2024-07-23 23:38:47.054797,facebook/bart-base,glue,cola,True,ia3,880.0792,97.162,12.147,6560443351311360.0,0.5724478797448697,10.0,10.0,8551,880.563227891922,0.6172286868095398,,5.2768,197.659,24.826,10.0,10.0,0.1618805724514959,,
9,9,saad,2024-07-23 23:38:47.054797,facebook/bart-base,glue,cola,True,prompt_tuning,478.5432,178.688,22.339,6556206739891200.0,0.5857969821112752,10.0,10.0,8551,478.9644286632538,0.5912330150604248,,4.9739,209.693,26.337,10.0,10.0,0.1681096950363583,,
0,0,saad,2024-07-23 23:51:36.777702,distilbert/distilbert-base-uncased,glue,cola,False,,689.9277,123.941,15.494,2831821814768640.0,0.1772813712245844,10.0,10.0,8551,690.6713552474976,1.7220187187194824,,2.0479,509.309,63.969,10.0,10.0,0.5052273447208777,,
0,0,saad,2024-07-24 00:50:02.513938,facebook/bart-base,glue,cola,False,,1687.9791,50.658,6.333,6556206739891200.0,0.3099238318076637,10.0,10.0,8551,1688.3888721466064,2.0167903900146484,,5.2164,199.947,25.113,10.0,10.0,0.3653879990432156,,
0,0,saad,2024-07-24 00:15:40.589843,google/electra-base-discriminator,glue,cola,False,,1372.789,62.289,7.787,5624656585958400.0,0.1553178025362534,10.0,10.0,8551,1373.1707231998444,1.2969566583633425,,4.0024,260.594,32.73,10.0,10.0,0.6188970025554703,,
0,0,saad,2024-07-24 02:33:36.498251,distilbert/distilbert-base-uncased,super_glue,boolq,True,seq_bn,491.8441,191.666,23.971,3231768134031360.0,0.5587038100018554,10.0,10.0,9427,492.1339411735535,0.6109954118728638,0.6957186544342507,6.9275,472.033,59.04,10.0,10.0,,,
1,1,saad,2024-07-24 02:33:36.498251,distilbert/distilbert-base-uncased,super_glue,boolq,True,prefix_tuning,487.4283,193.403,24.188,3187021854382080.0,0.6399050336454357,10.0,10.0,9427,487.72987151145935,0.6380965113639832,0.6437308868501529,7.3192,446.772,55.881,10.0,10.0,,,
2,2,saad,2024-07-24 02:33:36.498251,distilbert/distilbert-base-uncased,super_glue,boolq,True,mam_adapter,591.2837,159.433,19.94,4002715904563200.0,0.5861176598365272,10.0,10.0,9427,591.5827748775482,0.7330285906791687,0.6700305810397553,8.1265,402.385,50.329,10.0,10.0,,,
3,3,saad,2024-07-24 02:33:36.498251,distilbert/distilbert-base-uncased,super_glue,boolq,True,compacter_plusplus,478.8471,196.869,24.622,3168041638164480.0,0.6354252654278653,10.0,10.0,9427,479.14155745506287,0.6314986944198608,0.6483180428134556,6.9394,471.22,58.939,10.0,10.0,,,
4,4,saad,2024-07-24 02:33:36.498251,distilbert/distilbert-base-uncased,super_glue,boolq,True,unipelt,684.0314,137.815,17.236,3582194357913600.0,0.5556112689017441,10.0,10.0,9427,684.3320462703705,0.6125310063362122,0.7048929663608563,9.1088,358.992,44.901,10.0,10.0,,,
5,5,saad,2024-07-24 02:33:36.498251,distilbert/distilbert-base-uncased,super_glue,boolq,True,lora,459.2501,205.269,25.672,3177680599357440.0,0.600460895670987,10.0,10.0,9427,459.5615997314453,0.6017630100250244,0.674617737003058,6.677,489.744,61.255,10.0,10.0,,,
6,6,saad,2024-07-24 02:33:36.498251,distilbert/distilbert-base-uncased,super_glue,boolq,True,seq_bn_16_2_relu,519.0997,181.603,22.712,3456104211732480.0,0.48393654859703,10.0,10.0,9427,519.4061470031738,0.7722434997558594,0.7033639143730887,7.3647,444.013,55.536,10.0,10.0,,,
7,7,saad,2024-07-24 02:33:36.498251,distilbert/distilbert-base-uncased,super_glue,boolq,True,seq_bn_16_2_tanh,516.5896,182.485,22.823,3456104211732480.0,0.4234210065302958,10.0,10.0,9427,516.9065487384796,1.1332437992095947,0.7039755351681957,7.1537,457.105,57.173,10.0,10.0,,,
8,8,saad,2024-07-24 02:33:36.498251,distilbert/distilbert-base-uncased,super_glue,boolq,True,ia3,470.8092,200.23,25.042,3169006576834560.0,0.6337568106744328,10.0,10.0,9427,471.1072964668274,0.6298509836196899,0.6498470948012233,6.8355,478.385,59.835,10.0,10.0,,,
9,9,saad,2024-07-24 02:33:36.498251,distilbert/distilbert-base-uncased,super_glue,boolq,True,prompt_tuning,500.9321,188.189,23.536,3167004879329280.0,0.6391656488963767,10.0,10.0,9427,501.244571685791,0.6390764713287354,0.6382262996941896,7.2854,448.841,56.139,10.0,10.0,,,
0,0,saad,2024-07-24 02:49:06.355634,distilbert/distilbert-base-uncased,super_glue,boolq,False,,801.619,117.6,14.708,3121925417825280.0,0.2551634975365403,10.0,10.0,9427,802.119954586029,2.305290699005127,0.6987767584097859,6.404,510.617,63.866,10.0,10.0,,,
0,0,saad,2024-07-24 03:17:12.769438,google/electra-base-discriminator,super_glue,boolq,False,,1580.7402,59.637,7.459,6200869797196800.0,0.6640654404553648,10.0,10.0,9427,1581.043189048767,0.6634249091148376,0.6217125382262997,12.1584,268.95,33.639,10.0,10.0,,,
0,0,saad,2024-07-24 11:34:27.126698,google/electra-base-discriminator,super_glue,boolq,True,seq_bn,984.4256,95.761,11.977,6330396306600960.0,0.4912604230859706,10.0,10.0,9427,984.7217528820038,0.5344648361206055,0.7853211009174312,14.0246,233.161,29.163,10.0,10.0,,,
1,1,saad,2024-07-24 11:34:27.126698,google/electra-base-discriminator,super_glue,boolq,True,prefix_tuning,959.3179,98.268,12.29,6240903747302400.0,0.6597684774487781,10.0,10.0,9427,959.6166565418245,0.6531965136528015,0.6235474006116208,13.8808,235.578,29.465,10.0,10.0,,,
2,2,saad,2024-07-24 11:34:27.126698,google/electra-base-discriminator,super_glue,boolq,True,mam_adapter,1167.5732,80.74,10.098,7827751761392640.0,0.6667222868294105,10.0,10.0,9427,1167.8711051940918,0.6518787741661072,0.6226299694189602,15.4422,211.757,26.486,10.0,10.0,,,
3,3,saad,2024-07-24 11:34:27.126698,google/electra-base-discriminator,super_glue,boolq,True,compacter_plusplus,942.9851,99.97,12.503,6202938681308160.0,0.6536927874357241,10.0,10.0,9427,943.2861008644104,0.646579921245575,0.6278287461773701,13.2879,246.088,30.78,10.0,10.0,,,
4,4,saad,2024-07-24 11:34:27.126698,google/electra-base-discriminator,super_glue,boolq,True,unipelt,1298.1234,72.62,9.082,7002743099151360.0,0.4676892255503207,10.0,10.0,9427,1298.4283230304718,0.5824056267738342,0.7862385321100918,16.8757,193.77,24.236,10.0,10.0,,,
5,5,saad,2024-07-24 11:34:27.126698,google/electra-base-discriminator,super_glue,boolq,True,lora,919.9045,102.478,12.817,6222221237253120.0,0.5707149282363232,10.0,10.0,9427,920.2241249084472,0.5322040319442749,0.7373088685015291,13.5553,241.233,30.173,10.0,10.0,,,
6,6,saad,2024-07-24 11:34:27.126698,google/electra-base-discriminator,super_glue,boolq,True,seq_bn_16_2_relu,1047.5572,89.99,11.255,6779068462003200.0,0.3791853188861721,10.0,10.0,9427,1047.867564678192,0.8320485949516296,0.8012232415902141,14.3475,227.914,28.507,10.0,10.0,,,
7,7,saad,2024-07-24 11:34:27.126698,google/electra-base-discriminator,super_glue,boolq,True,seq_bn_16_2_tanh,1046.4209,90.088,11.267,6779068462003200.0,0.2863495597807,10.0,10.0,9427,1046.7245485782623,1.144849181175232,0.7914373088685015,14.5804,224.274,28.051,10.0,10.0,,,
8,8,saad,2024-07-24 11:34:27.126698,google/electra-base-discriminator,super_glue,boolq,True,ia3,959.0158,98.299,12.294,6204873192207360.0,0.6522370704864424,10.0,10.0,9427,959.3238346576692,0.6445143818855286,0.6324159021406728,13.788,237.163,29.663,10.0,10.0,,,
9,9,saad,2024-07-24 11:34:27.126698,google/electra-base-discriminator,super_glue,boolq,True,prompt_tuning,984.9577,95.71,11.97,6200869797196800.0,0.6575484336484176,10.0,10.0,9427,985.2669246196748,0.645385205745697,0.6302752293577981,13.9658,234.144,29.286,10.0,10.0,,,
0,0,saad,2024-07-24 17:25:18.276196,facebook/bart-base,super_glue,boolq,True,seq_bn,1124.325,83.846,10.486,7357378332226560.0,0.5912451358241889,10.0,10.0,9427,1124.6245985031128,0.6306383609771729,0.6568807339449542,17.6634,185.129,23.155,10.0,10.0,,,
1,1,saad,2024-07-24 17:25:18.276196,facebook/bart-base,super_glue,boolq,True,prefix_tuning,1110.9808,84.853,10.612,7287902747980800.0,0.6464754656273193,10.0,10.0,9427,1111.2989628314972,0.6483761072158813,0.6287461773700306,18.2694,178.988,22.387,10.0,10.0,,,
2,2,saad,2024-07-24 17:25:18.276196,facebook/bart-base,super_glue,boolq,True,mam_adapter,1397.1385,67.474,8.439,9478267193472000.0,0.6686549166484441,10.0,10.0,9427,1397.5077843666077,0.6631553769111633,0.6217125382262997,19.8354,164.857,20.62,10.0,10.0,,,
3,3,saad,2024-07-24 17:25:18.276196,facebook/bart-base,super_glue,boolq,True,compacter_plusplus,1092.6232,86.279,10.791,7229920706933760.0,0.6340194740974873,10.0,10.0,9427,1092.9739820957184,0.6549409627914429,0.6324159021406728,17.5942,185.857,23.246,10.0,10.0,,,
4,4,saad,2024-07-24 17:25:18.276196,facebook/bart-base,super_glue,boolq,True,unipelt,1718.4735,54.857,6.861,8440704580577280.0,0.5636053782585215,10.0,10.0,9427,1718.8099703788755,0.5691967606544495,0.7217125382262997,23.5209,139.025,17.389,10.0,10.0,,,
5,5,saad,2024-07-24 17:25:18.276196,facebook/bart-base,super_glue,boolq,True,lora,1115.7907,84.487,10.566,7259878982906880.0,0.608753714913327,10.0,10.0,9427,1116.135754108429,0.6326497197151184,0.6483180428134556,17.6528,185.239,23.169,10.0,10.0,,,
6,6,saad,2024-07-24 17:25:18.276196,facebook/bart-base,super_glue,boolq,True,seq_bn_16_2_relu,1184.7978,79.566,9.951,7806050487628800.0,0.5434051228944683,10.0,10.0,9427,1185.150824546814,0.5956068634986877,0.7250764525993884,18.2246,179.428,22.442,10.0,10.0,,,
7,7,saad,2024-07-24 17:25:18.276196,facebook/bart-base,super_glue,boolq,True,seq_bn_16_2_tanh,1184.6336,79.577,9.952,7806050487628800.0,0.4824607946187182,10.0,10.0,9427,1184.9979813098907,0.7615581750869751,0.7155963302752294,18.3598,178.106,22.277,10.0,10.0,,,
8,8,saad,2024-07-24 17:25:18.276196,facebook/bart-base,super_glue,boolq,True,ia3,1104.3497,85.362,10.676,7232522450334720.0,0.633628533309147,10.0,10.0,9427,1104.7083344459534,0.6547895073890686,0.6324159021406728,17.515,186.697,23.351,10.0,10.0,,,
9,9,saad,2024-07-24 17:25:18.276196,facebook/bart-base,super_glue,boolq,True,prompt_tuning,640.2502,147.239,18.415,7227851822822400.0,0.6419944031952396,10.0,10.0,9427,640.6085300445557,0.6590527892112732,0.6302752293577981,16.8433,194.142,24.283,10.0,10.0,,,
0,0,saad,2024-07-24 18:03:08.528217,facebook/bart-base,super_glue,boolq,False,,2003.0394,47.063,5.886,7227851822822400.0,0.3215963362029693,10.0,10.0,9427,2003.64723610878,1.975660800933838,0.6718654434250765,16.9191,193.273,24.174,10.0,10.0,,,
0,0,saad,2024-07-24 02:34:46.982056,google/electra-base-discriminator,super_glue,cb,False,,68.6841,36.399,4.659,164445886080000.0,0.2374100419692695,10.0,10.0,250,69.05012631416321,0.8489762544631958,0.8571428571428571,0.4134,135.466,16.933,10.0,10.0,,0.8659611992945327,0.8615520282186949
0,0,saad,2024-07-24 02:44:07.651286,distilbert/distilbert-base-uncased,super_glue,cb,True,seq_bn,24.2053,103.283,13.22,85706582400000.0,0.6570592164993286,10.0,10.0,250,24.725006580352783,0.7930415868759155,0.7142857142857143,0.2467,227.0,28.375,10.0,10.0,,0.4985875706214688,0.6064366424535916
1,1,saad,2024-07-24 02:44:07.651286,distilbert/distilbert-base-uncased,super_glue,cb,True,prefix_tuning,23.6565,105.679,13.527,84519930240000.0,0.7938375413417816,10.0,10.0,250,23.95434069633484,0.8303609490394592,0.7142857142857143,0.2763,202.652,25.332,10.0,10.0,,0.4977429318127821,0.6060143230492482
2,2,saad,2024-07-24 02:44:07.651286,distilbert/distilbert-base-uncased,super_glue,cb,True,mam_adapter,27.9918,89.312,11.432,106151786880000.0,0.4004071533679962,10.0,10.0,250,28.298439025878903,0.980133593082428,0.7142857142857143,0.2729,205.203,25.65,10.0,10.0,,0.6709478190686738,0.6926167666771941
3,3,saad,2024-07-24 02:44:07.651286,distilbert/distilbert-base-uncased,super_glue,cb,True,compacter_plusplus,23.3486,107.073,13.705,84016583040000.0,0.7387717485427856,10.0,10.0,250,24.001070737838745,0.7768033742904663,0.7142857142857143,0.2482,225.597,28.2,10.0,10.0,,0.4985875706214688,0.6064366424535916
4,4,saad,2024-07-24 02:44:07.651286,distilbert/distilbert-base-uncased,super_glue,cb,True,unipelt,29.0398,86.089,11.019,94999735680000.0,0.6662258505821228,10.0,10.0,250,29.3504102230072,0.7950745820999146,0.7142857142857143,0.2736,204.663,25.583,10.0,10.0,,0.4985875706214688,0.6064366424535916
5,5,saad,2024-07-24 02:44:07.651286,distilbert/distilbert-base-uncased,super_glue,cb,True,lora,23.6526,105.697,13.529,84272204160000.0,0.7094816327095032,10.0,10.0,250,24.13962149620056,0.7718871235847473,0.6964285714285714,0.2378,235.499,29.437,10.0,10.0,,0.486277269528501,0.5913529204785362
6,6,saad,2024-07-24 02:44:07.651286,distilbert/distilbert-base-uncased,super_glue,cb,True,seq_bn_16_2_relu,25.7606,97.047,12.422,91655879040000.0,0.5706951409578324,10.0,10.0,250,26.070416927337646,0.756950318813324,0.7142857142857143,0.2588,216.409,27.051,10.0,10.0,,0.4977429318127821,0.6060143230492482
7,7,saad,2024-07-24 02:44:07.651286,distilbert/distilbert-base-uncased,super_glue,cb,True,seq_bn_16_2_tanh,25.8058,96.877,12.4,91655879040000.0,0.4906270921230316,10.0,10.0,250,26.1285560131073,0.7571325898170471,0.7321428571428571,0.2604,215.035,26.879,10.0,10.0,,0.5092657752756274,0.6207043162092423
8,8,saad,2024-07-24 02:44:07.651286,distilbert/distilbert-base-uncased,super_glue,cb,True,ia3,23.6976,105.496,13.503,84042172800000.0,0.7375580906867981,10.0,10.0,250,24.015209197998047,0.7764173150062561,0.7142857142857143,0.2402,233.171,29.146,10.0,10.0,,0.4985875706214688,0.6064366424535916
9,9,saad,2024-07-24 02:44:07.651286,distilbert/distilbert-base-uncased,super_glue,cb,True,prompt_tuning,26.1777,95.501,12.224,83989088640000.0,0.7898604094982147,10.0,10.0,250,26.50731086730957,0.8055815100669861,0.7142857142857143,0.2851,196.45,24.556,10.0,10.0,,0.4985875706214688,0.6064366424535916
0,0,saad,2024-07-24 02:37:01.803881,facebook/bart-base,super_glue,cb,False,,84.1593,29.706,3.802,191681009280000.0,0.2161603369109798,10.0,10.0,250,84.56322956085205,0.657739520072937,0.9107142857142856,0.4879,114.779,14.347,10.0,10.0,,0.9044113450893112,0.9075628154017984
0,0,saad,2024-07-24 02:31:49.060257,distilbert/distilbert-base-uncased,super_glue,cb,False,,34.5465,72.366,9.263,82793600640000.0,0.1698641576105728,10.0,10.0,250,35.50472593307495,0.8024879693984985,0.8214285714285714,0.2118,264.362,33.045,10.0,10.0,,0.7787878787878787,0.800108225108225
0,0,saad,2024-07-24 02:54:57.966930,google/electra-base-discriminator,super_glue,cb,True,seq_bn,48.8964,51.129,6.544,167880873600000.0,0.6825152397155761,10.0,10.0,250,49.487550497055054,0.8323211669921875,0.6785714285714286,0.4712,118.851,14.856,10.0,10.0,,0.4739181286549707,0.5762447786131997
1,1,saad,2024-07-24 02:54:57.966930,google/electra-base-discriminator,super_glue,cb,True,prefix_tuning,46.3252,53.966,6.908,165507569280000.0,0.81959627866745,10.0,10.0,250,46.66632866859436,0.8730477094650269,0.6785714285714286,0.4764,117.542,14.693,10.0,10.0,,0.4733893557422969,0.5759803921568628
2,2,saad,2024-07-24 02:54:57.966930,google/electra-base-discriminator,super_glue,cb,True,mam_adapter,55.1276,45.349,5.805,207590098560000.0,0.4469505816698074,10.0,10.0,250,55.46826791763306,0.8145719766616821,0.7857142857142857,0.5301,105.644,13.205,10.0,10.0,,0.6515873015873016,0.7186507936507937
3,3,saad,2024-07-24 02:54:57.966930,google/electra-base-discriminator,super_glue,cb,True,compacter_plusplus,46.3541,53.933,6.903,164500752000000.0,0.784545487165451,10.0,10.0,250,46.721603870391846,0.8331570029258728,0.6964285714285714,0.4628,120.996,15.124,10.0,10.0,,0.486277269528501,0.5913529204785362
4,4,saad,2024-07-24 02:54:57.966930,google/electra-base-discriminator,super_glue,cb,True,unipelt,57.6854,43.339,5.547,185711222400000.0,0.6888854444026947,10.0,10.0,250,58.03342723846436,0.8063388466835022,0.6785714285714286,0.5242,106.823,13.353,10.0,10.0,,0.4747830166549378,0.5766772226131832
5,5,saad,2024-07-24 02:54:57.966930,google/electra-base-discriminator,super_glue,cb,True,lora,46.3793,53.903,6.9,165012117120000.0,0.7533320248126983,10.0,10.0,250,46.73903918266296,0.8133581876754761,0.6785714285714286,0.4622,121.152,15.144,10.0,10.0,,0.4739181286549707,0.5762447786131997
6,6,saad,2024-07-24 02:54:57.966930,google/electra-base-discriminator,super_glue,cb,True,seq_bn_16_2_relu,51.5852,48.464,6.203,179779466880000.0,0.5103476196527481,10.0,10.0,250,51.93355441093445,0.9520462155342102,0.6964285714285714,0.4999,112.017,14.002,10.0,10.0,,0.486013986013986,0.5912212787212787
7,7,saad,2024-07-24 02:54:57.966930,google/electra-base-discriminator,super_glue,cb,True,seq_bn_16_2_tanh,51.8296,48.235,6.174,179779466880000.0,0.4498561933636665,10.0,10.0,250,52.19461131095886,1.0345178842544556,0.75,0.5063,110.607,13.826,10.0,10.0,,0.523342670401494,0.6366713352007469
8,8,saad,2024-07-24 02:54:57.966930,google/electra-base-discriminator,super_glue,cb,True,ia3,46.978,53.216,6.812,164552054400000.0,0.783254873752594,10.0,10.0,250,47.33789658546448,0.833330512046814,0.6964285714285714,0.4578,122.318,15.29,10.0,10.0,,0.486277269528501,0.5913529204785362
9,9,saad,2024-07-24 02:54:57.966930,google/electra-base-discriminator,super_glue,cb,True,prompt_tuning,51.4614,48.58,6.218,164445886080000.0,0.8762605905532836,10.0,10.0,250,51.829702854156494,0.92454731464386,0.5714285714285714,0.5522,101.416,12.677,10.0,10.0,,0.3812097812097812,0.4763191763191763
0,0,saad,2024-07-24 03:08:33.810834,facebook/bart-base,super_glue,cb,True,seq_bn,57.2732,43.65,5.587,195115996800000.0,0.5996862977743149,10.0,10.0,250,58.05638313293457,0.718755304813385,0.7142857142857143,0.5388,103.931,12.991,10.0,10.0,,0.4989473684210526,0.6066165413533835
1,1,saad,2024-07-24 03:08:33.810834,facebook/bart-base,super_glue,cb,True,prefix_tuning,56.2734,44.426,5.687,193273534080000.0,0.7188687682151794,10.0,10.0,250,56.643232345581055,0.7742530107498169,0.6964285714285714,0.5495,101.909,12.739,10.0,10.0,,0.486277269528501,0.5913529204785362
2,2,saad,2024-07-24 03:08:33.810834,facebook/bart-base,super_glue,cb,True,mam_adapter,66.6343,37.518,4.802,251361060480000.0,0.3589576952159404,10.0,10.0,250,67.00230526924133,0.6789566278457642,0.8392857142857143,0.61,91.804,11.475,10.0,10.0,,0.7608465608465608,0.8000661375661375
3,3,saad,2024-07-24 03:08:33.810834,facebook/bart-base,super_glue,cb,True,compacter_plusplus,54.5249,45.851,5.869,191735875200000.0,0.652071762084961,10.0,10.0,250,54.9056830406189,0.7823134660720825,0.7142857142857143,0.5342,104.829,13.104,10.0,10.0,,0.4989473684210526,0.6066165413533835
4,4,saad,2024-07-24 03:08:33.810834,facebook/bart-base,super_glue,cb,True,unipelt,71.8852,34.778,4.452,223845344640000.0,0.592486435174942,10.0,10.0,250,72.25818157196045,0.7409911155700684,0.6964285714285714,0.609,91.952,11.494,10.0,10.0,,0.5886015325670498,0.6425150519978107
5,5,saad,2024-07-24 03:08:33.810834,facebook/bart-base,super_glue,cb,True,lora,56.8025,44.012,5.634,192530355840000.0,0.6389051020145416,10.0,10.0,250,57.17889142036438,0.7615589499473572,0.7142857142857143,0.5386,103.964,12.995,10.0,10.0,,0.4989473684210526,0.6066165413533835
6,6,saad,2024-07-24 03:08:33.810834,facebook/bart-base,super_glue,cb,True,seq_bn_16_2_relu,59.9909,41.673,5.334,207014590080000.0,0.4692110627889633,10.0,10.0,250,60.36941504478455,0.634183406829834,0.7678571428571429,0.5888,95.111,11.889,10.0,10.0,,0.639367816091954,0.7036124794745484
7,7,saad,2024-07-24 03:08:33.810834,facebook/bart-base,super_glue,cb,True,seq_bn_16_2_tanh,60.2714,41.479,5.309,207014590080000.0,0.442647798359394,10.0,10.0,250,60.65782809257507,0.7021639943122864,0.7857142857142857,0.5621,99.62,12.453,10.0,10.0,,0.6515873015873016,0.7186507936507937
8,8,saad,2024-07-24 03:08:33.810834,facebook/bart-base,super_glue,cb,True,ia3,56.4165,44.313,5.672,191804872320000.0,0.6514285445213318,10.0,10.0,250,56.79063296318054,0.7812538146972656,0.7142857142857143,0.5444,102.863,12.858,10.0,10.0,,0.4989473684210526,0.6066165413533835
9,9,saad,2024-07-24 03:08:33.810834,facebook/bart-base,super_glue,cb,True,prompt_tuning,30.3752,82.304,10.535,191681009280000.0,0.6581679999828338,10.0,10.0,250,30.76379132270813,0.7876787781715393,0.6964285714285714,0.5394,103.823,12.978,10.0,10.0,,0.4864612511671335,0.5914449112978525
0,0,saad,2024-07-24 18:41:31.882412,distilbert/distilbert-base-uncased,glue,mrpc,True,seq_bn,173.5258,211.381,26.451,1257465314058240.0,0.4078293976960359,10.0,10.0,3668,173.8994174003601,0.377930998802185,0.8504901960784313,0.8742,466.695,58.337,10.0,10.0,,0.8939130434782607,0.872201619778346
1,1,saad,2024-07-24 18:41:31.882412,distilbert/distilbert-base-uncased,glue,mrpc,True,prefix_tuning,167.9326,218.421,27.332,1240054753566720.0,0.5816552056206598,10.0,10.0,3668,168.22127175331116,0.5734689235687256,0.7034313725490197,0.9042,451.224,56.403,10.0,10.0,,0.8163884673748103,0.759909919961915
2,2,saad,2024-07-24 18:41:31.882412,distilbert/distilbert-base-uncased,glue,mrpc,True,mam_adapter,207.7075,176.594,22.098,1557437354188800.0,0.2470139555422049,10.0,10.0,3668,207.99557948112488,0.9913557171821594,0.8308823529411765,1.013,402.782,50.348,10.0,10.0,,0.8812392426850257,0.8560607978131012
3,3,saad,2024-07-24 18:41:31.882412,distilbert/distilbert-base-uncased,glue,mrpc,True,compacter_plusplus,169.3747,216.561,27.1,1232669643448320.0,0.5686624497889433,10.0,10.0,3668,169.67294692993164,0.5640840530395508,0.696078431372549,0.9074,449.658,56.207,10.0,10.0,,0.8092307692307692,0.7526546003016591
4,4,saad,2024-07-24 18:41:31.882412,distilbert/distilbert-base-uncased,glue,mrpc,True,unipelt,243.8935,150.394,18.82,1393814458982400.0,0.3983059187080865,10.0,10.0,3668,244.19525957107544,0.5235671997070312,0.8308823529411765,1.1463,355.943,44.493,10.0,10.0,,0.8812392426850257,0.8560607978131012
5,5,saad,2024-07-24 18:41:31.882412,distilbert/distilbert-base-uncased,glue,mrpc,True,lora,160.8715,228.008,28.532,1236420116520960.0,0.499073525555513,10.0,10.0,3668,161.1726996898651,0.4542402029037475,0.7941176470588235,0.8559,476.682,59.585,10.0,10.0,,0.8609271523178808,0.8275223996883521
6,6,saad,2024-07-24 18:41:31.882412,distilbert/distilbert-base-uncased,glue,mrpc,True,seq_bn_16_2_relu,181.2905,202.327,25.318,1344753394360320.0,0.3362805318728511,10.0,10.0,3668,181.59737753868103,0.6082180738449097,0.8333333333333334,0.9205,443.231,55.404,10.0,10.0,,0.8811188811188811,0.8572261072261073
7,7,saad,2024-07-24 18:41:31.882412,distilbert/distilbert-base-uncased,glue,mrpc,True,seq_bn_16_2_tanh,180.6193,203.079,25.413,1344753394360320.0,0.2640036190257352,10.0,10.0,3668,180.9216570854187,0.7956200242042542,0.8382352941176471,0.9249,441.105,55.138,10.0,10.0,,0.8869863013698631,0.8626107977437552
8,8,saad,2024-07-24 18:41:31.882412,distilbert/distilbert-base-uncased,glue,mrpc,True,ia3,165.6462,221.436,27.71,1233045096407040.0,0.5628919115253523,10.0,10.0,3668,165.9535322189331,0.5526909828186035,0.7058823529411765,0.8429,484.065,60.508,10.0,10.0,,0.8136645962732919,0.7597734746072342
9,9,saad,2024-07-24 18:41:31.882412,distilbert/distilbert-base-uncased,glue,mrpc,True,prompt_tuning,175.809,208.636,26.108,1232266245611520.0,0.5779436763854847,10.0,10.0,3668,176.1208839416504,0.5668693780899048,0.7083333333333334,0.9074,449.644,56.205,10.0,10.0,,0.818320610687023,0.7633269720101782
0,0,saad,2024-07-24 18:48:29.445659,distilbert/distilbert-base-uncased,glue,mrpc,False,,297.6224,123.243,15.422,1214726045675520.0,0.1346383010639864,10.0,10.0,3668,297.93674659729004,1.292177677154541,0.8406862745098039,0.7981,511.193,63.899,10.0,10.0,,0.8896434634974534,0.8651648690036287
0,0,saad,2024-07-24 19:52:57.295220,google/electra-base-discriminator,glue,mrpc,True,seq_bn,339.0288,108.191,13.539,2463126514544640.0,0.3321573909850941,10.0,10.0,3668,339.3711512088776,0.3619065880775451,0.8970588235294118,1.658,246.073,30.759,10.0,10.0,,0.926056338028169,0.9115575807787905
1,1,saad,2024-07-24 19:52:57.295220,google/electra-base-discriminator,glue,mrpc,True,prefix_tuning,323.1475,113.509,14.204,2428305393561600.0,0.5489375195472069,10.0,10.0,3668,323.4634871482849,0.5114425420761108,0.7401960784313726,1.7163,237.718,29.715,10.0,10.0,,0.8333333333333334,0.786764705882353
2,2,saad,2024-07-24 19:52:57.295220,google/electra-base-discriminator,glue,mrpc,True,mam_adapter,403.3224,90.945,11.38,3045740263157760.0,0.1526393048903521,10.0,10.0,3668,403.640410900116,0.8453978896141052,0.8823529411764706,1.873,217.835,27.229,10.0,10.0,,0.915492957746479,0.8989229494614748
3,3,saad,2024-07-24 19:52:57.295220,google/electra-base-discriminator,glue,mrpc,True,compacter_plusplus,325.5487,112.671,14.099,2413533370429440.0,0.5223154969724435,10.0,10.0,3668,325.8783655166626,0.4639089107513428,0.7696078431372549,1.6116,253.172,31.646,10.0,10.0,,0.8478964401294499,0.8087521416333524
4,4,saad,2024-07-24 19:52:57.295220,google/electra-base-discriminator,glue,mrpc,True,unipelt,466.5157,78.625,9.839,2724733392138240.0,0.2982978056199151,10.0,10.0,3668,466.8478798866272,0.4239661693572998,0.8872549019607843,2.077,196.436,24.555,10.0,10.0,,0.9187279151943464,0.9029914085775652
5,5,saad,2024-07-24 19:52:57.295220,google/electra-base-discriminator,glue,mrpc,True,lora,308.7417,118.805,14.867,2421036119470080.0,0.4241171011997464,10.0,10.0,3668,309.0712068080902,0.3237956464290619,0.8553921568627451,1.6248,251.112,31.389,10.0,10.0,,0.897391304347826,0.8763917306052855
6,6,saad,2024-07-24 19:52:57.295220,google/electra-base-discriminator,glue,mrpc,True,seq_bn_16_2_relu,353.9055,103.643,12.97,2637702675148800.0,0.2258426076186768,10.0,10.0,3668,354.2379252910614,0.585862934589386,0.8946078431372549,1.7376,234.806,29.351,10.0,10.0,,0.9233511586452764,0.9089795008912656
7,7,saad,2024-07-24 19:52:57.295220,google/electra-base-discriminator,glue,mrpc,True,seq_bn_16_2_tanh,353.5992,103.733,12.981,2637702675148800.0,0.170885467737069,10.0,10.0,3668,353.9328367710113,0.8177382349967957,0.8823529411764706,1.7563,232.305,29.038,10.0,10.0,,0.915492957746479,0.8989229494614748
8,8,saad,2024-07-24 19:52:57.295220,google/electra-base-discriminator,glue,mrpc,True,ia3,320.5416,114.431,14.32,2414286079242240.0,0.5207730395082295,10.0,10.0,3668,320.8685839176178,0.4617995321750641,0.7794117647058824,1.6224,251.473,31.434,10.0,10.0,,0.8534201954397393,0.8164159800728108
9,9,saad,2024-07-24 19:52:57.295220,google/electra-base-discriminator,glue,mrpc,True,prompt_tuning,336.3236,109.062,13.648,2412728377651200.0,0.6032588385289012,10.0,10.0,3668,336.667927980423,0.596064567565918,0.6862745098039216,1.7138,238.067,29.758,10.0,10.0,,0.8083832335329342,0.7473288716684279
0,0,saad,2024-07-24 20:07:35.181874,google/electra-base-discriminator,glue,mrpc,False,,560.9819,65.385,8.182,2412728377651200.0,0.2455542215334823,10.0,10.0,3668,561.2651913166046,0.8321195244789124,0.8676470588235294,1.5401,264.917,33.115,10.0,10.0,,0.9065743944636676,0.8871107266435986
0,0,saad,2024-07-24 21:18:05.872834,facebook/bart-base,glue,mrpc,True,seq_bn,385.2677,95.207,11.914,2862720242135040.0,0.4439809263142106,10.0,10.0,3668,385.61936140060425,0.3609456717967987,0.8357843137254902,2.0552,198.52,24.815,10.0,10.0,,0.882249560632689,0.8590169371790897
1,1,saad,2024-07-24 21:18:05.872834,facebook/bart-base,glue,mrpc,True,prefix_tuning,373.7019,98.153,12.283,2835687629107200.0,0.5670687806372549,10.0,10.0,3668,374.08377838134766,0.5263713598251343,0.7377450980392157,2.0125,202.737,25.342,10.0,10.0,,0.8288000000000001,0.783272549019608
2,2,saad,2024-07-24 21:18:05.872834,facebook/bart-base,glue,mrpc,True,mam_adapter,482.1579,76.075,9.52,3687947816448000.0,0.2885327499156944,10.0,10.0,3668,482.5414502620697,1.0087898969650269,0.821078431372549,2.1805,187.115,23.389,10.0,10.0,,0.8730434782608695,0.8470609548167092
3,3,saad,2024-07-24 21:18:05.872834,facebook/bart-base,glue,mrpc,True,compacter_plusplus,369.4216,99.29,12.425,2813127098019840.0,0.5819994159773284,10.0,10.0,3668,369.8032100200653,0.5433467030525208,0.7254901960784313,1.9289,211.518,26.44,10.0,10.0,,0.8308157099697885,0.7781529530241099
4,4,saad,2024-07-24 21:18:05.872834,facebook/bart-base,glue,mrpc,True,unipelt,598.4139,61.295,7.67,3284237233643520.0,0.4010303605355987,10.0,10.0,3668,598.7978477478027,0.3857007026672363,0.8627450980392157,2.607,156.5,19.562,10.0,10.0,,0.902439024390244,0.8825920612147299
5,5,saad,2024-07-24 21:18:05.872834,facebook/bart-base,glue,mrpc,True,lora,374.4033,97.969,12.26,2824783717969920.0,0.52039736080793,10.0,10.0,3668,374.79467844963074,0.4547379910945892,0.803921568627451,1.9388,210.436,26.305,10.0,10.0,,0.868421052631579,0.836171310629515
6,6,saad,2024-07-24 21:18:05.872834,facebook/bart-base,glue,mrpc,True,seq_bn_16_2_relu,402.2781,91.181,11.41,3037296402739200.0,0.3798147546439908,10.0,10.0,3668,402.660870552063,0.467100977897644,0.8529411764705882,2.0094,203.046,25.381,10.0,10.0,,0.8976109215017065,0.8752760489861473
7,7,saad,2024-07-24 21:18:05.872834,facebook/bart-base,glue,mrpc,True,seq_bn_16_2_tanh,402.2215,91.194,11.412,3037296402739200.0,0.3542383048529199,10.0,10.0,3668,402.607519865036,0.453090488910675,0.8602941176470589,2.0515,198.879,24.86,10.0,10.0,,0.9018932874354562,0.8810937025412575
8,8,saad,2024-07-24 21:18:05.872834,facebook/bart-base,glue,mrpc,True,ia3,375.537,97.673,12.222,2814139423764480.0,0.5796903589452274,10.0,10.0,3668,375.9292850494385,0.5441031455993652,0.7254901960784313,1.9481,209.436,26.179,10.0,10.0,,0.8292682926829268,0.7773792443806791
9,9,saad,2024-07-24 21:18:05.872834,facebook/bart-base,glue,mrpc,True,prompt_tuning,202.4048,181.221,22.677,2812322105241600.0,0.5943851313040407,10.0,10.0,3668,202.7971563339233,0.5634697079658508,0.7107843137254902,1.9016,214.559,26.82,10.0,10.0,,0.8233532934131738,0.767068803569332
0,0,saad,2024-07-24 21:34:17.692988,facebook/bart-base,glue,mrpc,False,,743.1477,49.358,6.176,2812322105241600.0,0.1756811380905783,10.0,10.0,3668,743.8714306354523,1.0462102890014648,0.8578431372549019,1.8309,222.836,27.855,10.0,10.0,,0.8989547038327526,0.8783989205438272
0,0,saad,2024-07-24 05:59:32.653139,google/electra-base-discriminator,super_glue,rte,True,seq_bn,456.3379,54.565,6.837,1672078795315200.0,0.4845424358661358,10.0,10.0,2490,456.95881152153015,0.5358009934425354,0.7870036101083032,2.3068,120.082,15.173,10.0,10.0,,,
1,1,saad,2024-07-24 05:59:32.653139,google/electra-base-discriminator,super_glue,rte,True,prefix_tuning,437.082,56.969,7.138,1648440684288000.0,0.6618082877917167,10.0,10.0,2490,437.4350559711456,0.6513400077819824,0.6173285198555957,2.3432,118.216,14.937,10.0,10.0,,,
2,2,saad,2024-07-24 05:59:32.653139,google/electra-base-discriminator,super_glue,rte,True,mam_adapter,526.6076,47.284,5.925,2067582675916800.0,0.2574709834196628,10.0,10.0,2490,526.9896576404572,1.31946861743927,0.7942238267148014,2.5726,107.671,13.605,10.0,10.0,,,
3,3,saad,2024-07-24 05:59:32.653139,google/electra-base-discriminator,super_glue,rte,True,compacter_plusplus,431.8674,57.657,7.224,1638412784179200.0,0.642995741428473,10.0,10.0,2490,432.22428369522095,0.6453556418418884,0.6028880866425993,2.2598,122.576,15.488,10.0,10.0,,,
4,4,saad,2024-07-24 05:59:32.653139,google/electra-base-discriminator,super_glue,rte,True,unipelt,547.8356,45.452,5.695,1849669069363200.0,0.4549183918879582,10.0,10.0,2490,548.1925251483917,0.7129091620445251,0.7436823104693141,2.613,106.008,13.395,10.0,10.0,,,
5,5,saad,2024-07-24 05:59:32.653139,google/electra-base-discriminator,super_glue,rte,True,lora,437.8133,56.874,7.126,1643505980774400.0,0.5879596514579577,10.0,10.0,2490,438.2052047252655,0.5782979726791382,0.7003610108303249,2.2597,122.581,15.489,10.0,10.0,,,
6,6,saad,2024-07-24 05:59:32.653139,google/electra-base-discriminator,super_glue,rte,True,seq_bn_16_2_relu,487.4018,51.087,6.401,1790588784384000.0,0.3505930399283384,10.0,10.0,2490,487.9039134979248,0.7876916527748108,0.8267148014440433,2.4202,114.451,14.461,10.0,10.0,,,
7,7,saad,2024-07-24 05:59:32.653139,google/electra-base-discriminator,super_glue,rte,True,seq_bn_16_2_tanh,487.9917,51.025,6.394,1790588784384000.0,0.2503535075065417,10.0,10.0,2490,488.4950380325317,1.3142513036727903,0.8050541516245487,2.4424,113.414,14.33,10.0,10.0,,,
8,8,saad,2024-07-24 05:59:32.653139,google/electra-base-discriminator,super_glue,rte,True,ia3,442.196,56.31,7.056,1638923756083200.0,0.6411953559288612,10.0,10.0,2490,442.60225081443787,0.6440175175666809,0.6137184115523465,2.2779,121.604,15.365,10.0,10.0,,,
9,9,saad,2024-07-24 05:59:32.653139,google/electra-base-discriminator,super_glue,rte,True,prompt_tuning,483.5057,51.499,6.453,1637866319616000.0,0.6929258591089493,10.0,10.0,2490,483.8894670009613,0.6859214901924133,0.5306859205776173,2.5614,108.144,13.664,10.0,10.0,,,
0,0,saad,2024-07-24 03:22:17.766720,distilbert/distilbert-base-uncased,super_glue,rte,False,,377.1701,66.018,8.272,824609556633600.0,0.215516909574851,10.0,10.0,2490,377.664924621582,3.0520098209381104,0.5776173285198556,1.1029,251.167,31.736,10.0,10.0,,,
0,0,saad,2024-07-24 03:51:55.826949,facebook/bart-base,super_glue,rte,False,,891.3336,27.936,3.5,1909128146688000.0,0.274714168600547,10.0,10.0,2490,891.8788921833038,2.432578086853028,0.7075812274368231,2.5819,107.287,13.556,10.0,10.0,,,
0,0,saad,2024-07-24 04:38:09.680495,distilbert/distilbert-base-uncased,super_glue,rte,True,seq_bn,229.5473,108.474,13.592,853622854963200.0,0.6368222701243865,10.0,10.0,2490,230.0640833377838,0.7066369652748108,0.5992779783393501,1.2059,229.706,29.024,10.0,10.0,,,
1,1,saad,2024-07-24 04:38:09.680495,distilbert/distilbert-base-uncased,super_glue,rte,True,prefix_tuning,218.9242,113.738,14.252,841803799449600.0,0.6809955401298328,10.0,10.0,2490,219.2471263408661,0.6853083372116089,0.5523465703971119,1.2157,227.847,28.789,10.0,10.0,,,
2,2,saad,2024-07-24 04:38:09.680495,distilbert/distilbert-base-uncased,super_glue,rte,True,mam_adapter,283.5666,87.81,11.003,1057257091584000.0,0.4811267485985389,10.0,10.0,2490,283.9925696849823,1.9870927333831787,0.5631768953068592,1.3433,206.201,26.054,10.0,10.0,,,
3,3,saad,2024-07-24 04:38:09.680495,distilbert/distilbert-base-uncased,super_glue,rte,True,compacter_plusplus,207.6298,119.925,15.027,836790461337600.0,0.6751735393817608,10.0,10.0,2490,207.9721143245697,0.6844426989555359,0.5631768953068592,1.179,234.947,29.686,10.0,10.0,,,
4,4,saad,2024-07-24 04:38:09.680495,distilbert/distilbert-base-uncased,super_glue,rte,True,unipelt,281.4678,88.465,11.085,946182661632000.0,0.6221007664998373,10.0,10.0,2490,281.8040134906769,0.7495864033699036,0.5956678700361011,1.3305,208.195,26.306,10.0,10.0,,,
5,5,saad,2024-07-24 04:38:09.680495,distilbert/distilbert-base-uncased,super_glue,rte,True,lora,218.5819,113.916,14.274,839336447692800.0,0.6649450791187775,10.0,10.0,2490,218.949501991272,0.682935893535614,0.5703971119133574,1.1712,236.514,29.884,10.0,10.0,,,
6,6,saad,2024-07-24 04:38:09.680495,distilbert/distilbert-base-uncased,super_glue,rte,True,seq_bn_16_2_relu,242.2065,102.805,12.882,912877849497600.0,0.5584953625996908,10.0,10.0,2490,242.53801369667053,0.8508196473121643,0.592057761732852,1.2839,215.752,27.261,10.0,10.0,,,
7,7,saad,2024-07-24 04:38:09.680495,distilbert/distilbert-base-uncased,super_glue,rte,True,seq_bn_16_2_tanh,242.9198,102.503,12.844,912877849497600.0,0.4600432640466934,10.0,10.0,2490,243.26319193840027,1.3004192113876345,0.5956678700361011,1.2686,218.349,27.589,10.0,10.0,,,
8,8,saad,2024-07-24 04:38:09.680495,distilbert/distilbert-base-uncased,super_glue,rte,True,ia3,221.3089,112.512,14.098,837045335347200.0,0.6745982830341045,10.0,10.0,2490,221.66834354400635,0.6845939755439758,0.5667870036101083,1.2132,228.32,28.849,10.0,10.0,,,
9,9,saad,2024-07-24 04:38:09.680495,distilbert/distilbert-base-uncased,super_glue,rte,True,prompt_tuning,245.038,101.617,12.733,836516617113600.0,0.6753771170591697,10.0,10.0,2490,245.4114406108856,0.6893901228904724,0.516245487364621,1.3292,208.4,26.332,10.0,10.0,,,
0,0,saad,2024-07-24 07:32:15.411195,facebook/bart-base,super_glue,rte,True,seq_bn,539.906,46.119,5.779,1943340622387200.0,0.6143897276658278,10.0,10.0,2490,540.7837266921997,0.6446694135665894,0.7003610108303249,2.798,99.0,12.509,10.0,10.0,,,
1,1,saad,2024-07-24 07:32:15.411195,facebook/bart-base,super_glue,rte,True,prefix_tuning,530.3322,46.952,5.883,1924989693696000.0,0.6541918338873447,10.0,10.0,2490,530.761298418045,0.6335164904594421,0.6137184115523465,2.8078,98.654,12.465,10.0,10.0,,,
2,2,saad,2024-07-24 07:32:15.411195,facebook/bart-base,super_glue,rte,True,mam_adapter,645.8759,38.552,4.831,2503541456640000.0,0.449798390804193,10.0,10.0,2490,646.31871509552,1.2129451036453247,0.740072202166065,3.0727,90.149,11.391,10.0,10.0,,,
3,3,saad,2024-07-24 07:32:15.411195,facebook/bart-base,super_glue,rte,True,compacter_plusplus,512.8174,48.555,6.084,1909674611251200.0,0.6752621870774489,10.0,10.0,2490,513.2621834278107,0.6617850661277771,0.6064981949458483,2.6742,103.582,13.088,10.0,10.0,,,
4,4,saad,2024-07-24 07:32:15.411195,facebook/bart-base,super_glue,rte,True,unipelt,681.1287,36.557,4.581,2229484926873600.0,0.58726743551401,10.0,10.0,2490,681.556628704071,0.6022842526435852,0.6967509025270758,3.1332,88.409,11.171,10.0,10.0,,,
5,5,saad,2024-07-24 07:32:15.411195,facebook/bart-base,super_glue,rte,True,lora,537.3672,46.337,5.806,1917587638425600.0,0.6490614426441682,10.0,10.0,2490,537.819153547287,0.635259211063385,0.6425992779783394,2.8161,98.364,12.429,10.0,10.0,,,
6,6,saad,2024-07-24 07:32:15.411195,facebook/bart-base,super_glue,rte,True,seq_bn_16_2_relu,569.0502,43.757,5.483,2061850611456000.0,0.561264766790928,10.0,10.0,2490,569.495044708252,0.6219421625137329,0.7256317689530686,2.8992,95.544,12.072,10.0,10.0,,,
7,7,saad,2024-07-24 07:32:15.411195,facebook/bart-base,super_glue,rte,True,seq_bn_16_2_tanh,570.0631,43.679,5.473,2061850611456000.0,0.5093049147190192,10.0,10.0,2490,570.5111799240112,0.67782062292099,0.7148014440433214,2.9086,95.235,12.033,10.0,10.0,,,
8,8,saad,2024-07-24 07:32:15.411195,facebook/bart-base,super_glue,rte,True,ia3,534.0835,46.622,5.842,1910361822566400.0,0.675062380081568,10.0,10.0,2490,534.5532615184784,0.658486545085907,0.6173285198555957,2.6903,102.961,13.009,10.0,10.0,,,
9,9,saad,2024-07-24 07:32:15.411195,facebook/bart-base,super_glue,rte,True,prompt_tuning,274.054,90.858,11.385,1909128146688000.0,0.6802123778905624,10.0,10.0,2490,274.6320877075196,0.6671002507209778,0.6101083032490975,2.6612,104.089,13.152,10.0,10.0,,,
0,0,saad,2024-07-24 03:36:04.330404,google/electra-base-discriminator,super_glue,rte,False,,763.3455,32.62,4.087,1637866319616000.0,0.1991282765681927,10.0,10.0,2490,763.8293416500092,1.6554886102676392,0.7725631768953068,2.1224,130.511,16.491,10.0,10.0,,,
